country,2014 usable water per capita
Aruba,
Afghanistan,1412.912141
Angola,5493.326925
Albania,9310.845162
Andorra,3984.1945140000003
Arab World,292.4444603
United Arab Emirates,16.27926537
Argentina,6843.295562
Armenia,2355.099895
American Samoa,
Antigua and Barbuda,561.785614
Australia,20957.85401
Austria,6435.4913369999995
Azerbaijan,851.0679356
Burundi,1021.911468
Belgium,1070.562849
Benin,1001.27911
Burkina Faso,710.7919889
Bangladesh,679.5229517999999
Bulgaria,2907.001694
Bahrain,2.993843908
"Bahamas, The",1888.6607510000001
Bosnia and Herzegovina,10194.98556
Belarus,3588.575706
Belize,43184.6867
Bermuda,
Bolivia,28347.22067
Brazil,27919.19374
Barbados,280.874221
Brunei Darussalam,20743.39445
Bhutan,108475.5568
Botswana,1149.087385
Central African Republic,31584.7833
Canada,80423.42794
Central Europe and the Baltics,2417.577175
Switzerland,4933.658776
Channel Islands,
Chile,49834.002089999994
China,2061.908566
Cote d'Ivoire,3392.8415549999995
Cameroon,12036.05101
"Congo, Dem. Rep.",12200.50356
"Congo, Rep.",46865.361730000004
Colombia,45668.21638
Comoros,1580.215699
Cabo Verde,578.8499795
Costa Rica,23564.26873
Caribbean small states,51798.89411
Cuba,3371.392093
Curacao,
Cayman Islands,
Cyprus,676.9158672
Czech Republic,1249.364985
Germany,1321.273115
Djibouti,333.81699710000004
Dominica,2813.5330940000003
Denmark,1063.174728
Dominican Republic,2311.81392
Algeria,289.02709039999996
East Asia & Pacific (excluding high income),4341.731962
Early-demographic dividend,3924.1754490000003
East Asia & Pacific,4522.053204999999
Europe & Central Asia (excluding high income),12965.15041
Europe & Central Asia,7861.128756
Ecuador,27733.48125
"Egypt, Arab Rep.",19.90607562
Euro area,2980.865912
Eritrea,
Spain,2392.381453
Estonia,9668.744698999999
Ethiopia,1243.70181
European Union,3065.401346
Fragile and conflict affected situations,7296.7863099999995
Finland,19591.64422
Fiji,32950.43124
France,3016.0423140000003
Faroe Islands,
"Micronesia, Fed. Sts.",
Gabon,87058.07411
United Kingdom,2244.5022
Georgia,15628.806040000001
Ghana,1112.969243
Gibraltar,
Guinea,20267.28241
"Gambia, The",1482.182682
Guinea-Bissau,9453.811925
Equatorial Guinea,23167.20664
Greece,5324.807276
Grenada,1836.513563
Greenland,
Guatemala,7134.309784
Guam,
Guyana,315701.2235
High income,8702.087741
"Hong Kong SAR, China",
Honduras,10123.28726
Heavily indebted poor countries (HIPC),5803.650183
Croatia,8894.889072
Haiti,1233.2913199999998
Hungary,608.1203527000001
IBRD only,5851.504715
IDA & IBRD total,5538.374299
IDA total,4571.523551
IDA blend,3310.7295649999996
Indonesia,7913.643562
IDA only,5209.773989
Isle of Man,
India,1116.081607
Not classified,
Ireland,10520.12349
"Iran, Islamic Rep.",1658.797533
Iraq,1022.9004449999999
Iceland,519264.7212
Israel,91.28863031
Italy,3002.180982
Jamaica,3763.30024
Jordan,76.4569791
Japan,3378.4845530000002
Kazakhstan,3722.173715
Kenya,443.2549983
Kyrgyz Republic,8384.885614
Cambodia,7895.510577
Kiribati,
St. Kitts and Nevis,472.68286919999997
"Korea, Rep.",1277.916641
Kuwait,0.0
Latin America & Caribbean (excluding high income),21793.30746
Lao PDR,28675.752539999998
Lebanon,766.4780811
Liberia,45876.76812
Libya,110.0276531
St. Lucia,1682.5952350000002
Latin America & Caribbean,22533.11669
Least developed countries: UN classification,5003.933476
Low income,4456.180165
Liechtenstein,
Sri Lanka,2541.149293
Lower middle income,2561.060625
Low & middle income,5393.751929
Lesotho,2559.41338
Late-demographic dividend,8184.448817
Lithuania,5272.191373
Luxembourg,1797.529835
Latvia,8496.415355
"Macao SAR, China",
St. Martin (French part),
Morocco,848.143007
Monaco,
Moldova,567.0382751
Madagascar,14285.78272
Maldives,68.9631392
Middle East & North Africa,553.3947307999999
Mexico,3398.2764740000002
Marshall Islands,
Middle income,5494.795977000001
North Macedonia,2598.933956
Mali,3543.121561
Malta,116.2100341
Myanmar,19184.86071
Middle East & North Africa (excluding high income),633.2420434999999
Montenegro,
Mongolia,11836.29989
Northern Mariana Islands,
Mozambique,3815.695733
Mauritania,101.7579707
Mauritius,2181.716093
Malawi,990.8198758
Malaysia,19419.71286
North America,16023.138319999998
Namibia,2709.562203
New Caledonia,
Niger,181.91119750000001
Nigeria,1252.799653
Nicaragua,25428.420869999998
Netherlands,652.2380541
Norway,74359.11012
Nepal,7366.133166
Nauru,
New Zealand,72510.36654
OECD members,9584.820459999999
Oman,347.6308954
Other small states,18484.36107
Pakistan,281.6081824
Panama,35013.835080000004
Peru,54535.740170000005
Philippines,4765.546172
Palau,
Papua New Guinea,100796.1639
Poland,1410.0908570000001
Pre-demographic dividend,4343.022017
Puerto Rico,2008.5581550000002
"Korea, Dem. People’s Rep.",2673.823254
Portugal,3653.473078
Paraguay,17728.54596
West Bank and Gaza,194.5656753
Pacific island small states,48473.8736
Post-demographic dividend,8194.637429999999
French Polynesia,
Qatar,22.77165157
Romania,2128.6877640000002
Russian Federation,29981.99148
Rwanda,857.119528
South Asia,1147.333293
Saudi Arabia,77.62721046
Sudan,101.65113459999999
Senegal,1820.140361
Singapore,109.69474879999999
Solomon Islands,76139.66774
Sierra Leone,22801.299219999997
El Salvador,2482.872469
San Marino,
Somalia,446.9747853
Serbia,1179.0071380000002
Sub-Saharan Africa (excluding high income),4010.790011
South Sudan,2463.314847
Sub-Saharan Africa,4008.409563
Small states,26440.838880000003
Sao Tome and Principe,11137.96257
Suriname,178935.1731
Slovak Republic,2325.302857
Slovenia,9054.404019
Sweden,17635.93854
Eswatini,2410.912667
Sint Maarten (Dutch part),
Seychelles,
Syrian Arab Republic,381.0710083
Turks and Caicos Islands,
Chad,1097.8106070000001
East Asia & Pacific (IDA & IBRD countries),4362.6508890000005
Europe & Central Asia (IDA & IBRD countries),11462.59306
Togo,1611.0962220000001
Thailand,3280.306341
Tajikistan,7689.480691
Turkmenistan,257.0281183
Latin America & the Caribbean (IDA & IBRD countries),23038.50305
Timor-Leste,6995.472315999999
Middle East & North Africa (IDA & IBRD countries),638.4215564
Tonga,
South Asia (IDA & IBRD),1147.333293
Sub-Saharan Africa (IDA & IBRD countries),4008.409563
Trinidad and Tobago,2818.675487
Tunisia,379.18501160000005
Turkey,2939.199727
Tuvalu,
Tanzania,1681.351066
Uganda,1056.562734
Ukraine,1217.083631
Upper middle income,8386.192751999999
Uruguay,27114.18601
United States,8853.25503
Uzbekistan,531.2490856000001
St. Vincent and the Grenadines,918.6026217
"Venezuela, RB",26793.02412
British Virgin Islands,
Virgin Islands (U.S.),
Vietnam,3918.678374
Vanuatu,37894.86449
World,5931.024279
Samoa,
Kosovo,
"Yemen, Rep.",81.32132437
South Africa,821.3252556
Zambia,5207.875736999999
Zimbabwe,902.3542982999999
